run	condition	charge	searchScore	intensity	peptide	proteins
2	1	2	0.989011014879291	1.546597e08	AEFVEVTK	P02769|ALBU_BOVIN
3	2	2	0.999966378314006	8.861572e07	AEFVEVTK	P02769|ALBU_BOVIN
5	3	2	0.999966378314006	4.999316e07	AEFVEVTK	P02769|ALBU_BOVIN
1	1	2	0.897573842431715	1.414584e07	AWSVAR	P02769|ALBU_BOVIN
2	1	2	0.994219818877406	3.307658e06	AYLVPSR	tr|A9F9S4|A9F9S4_SORC5_rev
1	1	2	0.994644119580848	2.056782e07	C(Carbamidomethyl)C(Carbamidomethyl)TESLVNR	P02769|ALBU_BOVIN
3	2	2	0.994644119580848	1.103754e07	C(Carbamidomethyl)C(Carbamidomethyl)TESLVNR	P02769|ALBU_BOVIN
5	3	2	0.994644119580848	3.691953e06	C(Carbamidomethyl)C(Carbamidomethyl)TESLVNR	P02769|ALBU_BOVIN
3	2	2	0.839283805668793	1.947899e05	C(Carbamidomethyl)PLM(Oxidation)VK	sp|O46375|TTHY_BOVIN
1	1	2	0.99946006219914	6.20244e07	DDSPDLPK	P02769|ALBU_BOVIN
3	2	2	0.99946006219914	3.474625e07	DDSPDLPK	P02769|ALBU_BOVIN
5	3	2	0.99946006219914	1.357063e07	DDSPDLPK	P02769|ALBU_BOVIN
1	1	2	0.999571195654389	9.063513e07	DLGEEHFK	P02769|ALBU_BOVIN
1	1	3	0.969444793568921	6.698248e07	DLGEEHFK	P02769|ALBU_BOVIN
3	2	2	0.999571195654389	8.830588e07	DLGEEHFK	P02769|ALBU_BOVIN
5	3	2	0.999571195654389	2.489364e07	DLGEEHFK	P02769|ALBU_BOVIN
5	3	3	0.969444793568921	8.722839e06	DLGEEHFK	P02769|ALBU_BOVIN
2	1	2	0.998747909456788	3.17402e07	EAC(Carbamidomethyl)FAVEGPK	P02769|ALBU_BOVIN
3	2	2	0.945766299479282	2.398623e06	EC(Carbamidomethyl)C(Carbamidomethyl)DKPLLEK	P02769|ALBU_BOVIN
5	3	2	0.945766299479282	5.195505e05	EC(Carbamidomethyl)C(Carbamidomethyl)DKPLLEK	P02769|ALBU_BOVIN
5	3	2	0.977639063161665	1.335505e05	ETYGDM(Oxidation)ADC(Carbamidomethyl)C(Carbamidomethyl)EK	P02769|ALBU_BOVIN
1	1	2	0.986378226563208	1.547789e06	ETYGDMADC(Carbamidomethyl)C(Carbamidomethyl)EK	P02769|ALBU_BOVIN
3	2	2	0.986378226563208	6.884173e05	ETYGDMADC(Carbamidomethyl)C(Carbamidomethyl)EK	P02769|ALBU_BOVIN
5	3	2	0.986378226563208	4.082927e05	ETYGDMADC(Carbamidomethyl)C(Carbamidomethyl)EK	P02769|ALBU_BOVIN
3	2	2	0.95417157153446	1.376247e06	EYEATLEEC(Carbamidomethyl)C(Carbamidomethyl)AK	P02769|ALBU_BOVIN
5	3	2	0.95417157153446	5.413825e05	EYEATLEEC(Carbamidomethyl)C(Carbamidomethyl)AK	P02769|ALBU_BOVIN
4	2	2	0.999865718785557	3.643801e06	FVEGLYK	sp|O46375|TTHY_BOVIN
6	3	2	0.999865718785557	2.904332e06	FVEGLYK	sp|O46375|TTHY_BOVIN
6	3	4	0.999985981873434	1.107833e06	GAAVGHGARPGLDFM(Oxidation)TMLR	tr|A9FA64|A9FA64_SORC5
5	3	2	0.985877397797049	6.24017e06	GAC(Carbamidomethyl)LLPK	P02769|ALBU_BOVIN
6	3	3	0.999899752175155	5.384214e05	GFAPPTSRPIVVAWR	tr|A9F6J5|A9F6J5_SORC5
6	3	2	0.998809919630749	3.084425e05	GHYGPENGPK	tr|A9GCT7|A9GCT7_SORC5_rev
1	1	2	0.932307092513417	7.905351e05	GSPAANVGVK	sp|O46375|TTHY_BOVIN
2	1	3	0.999999998901387	2.260549e05	HLVDEPQNLIK	P02769|ALBU_BOVIN
4	2	2	0.999996134616396	1.269412e08	HLVDEPQNLIK	P02769|ALBU_BOVIN
4	2	3	0.999999998901387	3.150138e07	HLVDEPQNLIK	P02769|ALBU_BOVIN
6	3	2	0.999996134616396	8.515694e07	HLVDEPQNLIK	P02769|ALBU_BOVIN
6	3	3	0.999999998901387	1.857956e07	HLVDEPQNLIK	P02769|ALBU_BOVIN
6	3	2	0.998268310165951	2.719759e05	HYVEM(Oxidation)VEK	sp|A9G5S0|PURA_SORC5;tr|A9FQL2|A9FQL2_SORC5
6	3	2	0.998593979500802	9.860175e06	KDESNSR	tr|A9GNN2|A9GNN2_SORC5
4	2	2	0.953280257460632	5.319029e07	KQTALVELLK	P02769|ALBU_BOVIN
4	2	3	0.856620217790766	4.350128e07	KQTALVELLK	P02769|ALBU_BOVIN
4	2	3	0.999999999987828	6.220473e07	KVPQVSTPTLVEVSR	P02769|ALBU_BOVIN
6	3	3	0.999999999987828	1.858752e07	KVPQVSTPTLVEVSR	P02769|ALBU_BOVIN
1	1	2	0.984716605989282	1.971044e06	LC(Carbamidomethyl)VLHEK	P02769|ALBU_BOVIN
3	2	2	0.984716605989282	4.102755e06	LC(Carbamidomethyl)VLHEK	P02769|ALBU_BOVIN
3	2	3	0.948215211469781	1.358117e07	LC(Carbamidomethyl)VLHEK	P02769|ALBU_BOVIN
5	3	2	0.984716605989282	7.604715e05	LC(Carbamidomethyl)VLHEK	P02769|ALBU_BOVIN
4	2	3	0.945724742589452	8.557926e06	LIQVFLLQALM(Oxidation)	tr|A9ER16|A9ER16_SORC5_rev
4	2	4	0.383266723628285	2.878738e06	LKPDPNTLC(Carbamidomethyl)DEFKADEK	P02769|ALBU_BOVIN
4	2	2	0.408655942802435	1.04067e05	LTGMAFR	P46406|G3P_RABIT
1	1	2	0.895734789614953	1.305568e05	LVEPSERR	tr|A9G7Q6|A9G7Q6_SORC5
1	1	2	0.999207406601627	1.801425e08	LVTDLTK	P02769|ALBU_BOVIN
3	2	2	0.999207406601627	8.944539e07	LVTDLTK	P02769|ALBU_BOVIN
5	3	2	0.999207406601627	5.129099e07	LVTDLTK	P02769|ALBU_BOVIN
2	1	2	0.990187946786257	7.702322e07	LVVSTQTALA	P02769|ALBU_BOVIN
4	2	2	0.990187946786257	6.224055e07	LVVSTQTALA	P02769|ALBU_BOVIN
1	1	2	0.937110106833921	2.893827e06	M(Oxidation)AAVSAR	tr|A9GXC6|A9GXC6_SORC5_rev
3	2	2	0.937110106833921	1.754198e06	M(Oxidation)AAVSAR	tr|A9GXC6|A9GXC6_SORC5_rev
3	2	3	0.809387377089704	9934.337891	M(Oxidation)SAEEHDRAM(Oxidation)RSGR	tr|A9G308|A9G308_SORC5_rev
4	2	2	0.497146027406224	3.450892e04	NMRPSK	tr|A9GKZ3|A9GKZ3_SORC5
3	2	3	0.993802497219723	4.601872e06	QEPERNEC(Carbamidomethyl)FLSHK	P02769|ALBU_BOVIN
4	2	4	0.357495381196003	1.019084e06	QEPERNEC(Carbamidomethyl)FLSHKDDSPDLPK	P02769|ALBU_BOVIN
4	2	3	0.968115729372515	1.353102e07	RHPEYAVSVLLR	P02769|ALBU_BOVIN
4	2	3	0.996610297597113	5.109413e06	RPC(Carbamidomethyl)FSALTPDETYVPK	P02769|ALBU_BOVIN
1	1	3	0.997174810399985	1.358151e06	SHC(Carbamidomethyl)IAEVEK	P02769|ALBU_BOVIN
5	3	3	0.997174810399985	4.618462e05	SHC(Carbamidomethyl)IAEVEK	P02769|ALBU_BOVIN
4	2	2	0.759856927001288	2.011538e05	VAITLK	tr|A9GUA2|A9GUA2_SORC5_rev
6	3	3	0.999594559669221	4.456394e06	VAYQELARKVK	tr|A9FNU8|A9FNU8_SORC5
3	2	2	0.85216465179379	3.514125e06	VIEAEGR	tr|A9GIC6|A9GIC6_SORC5
3	2	2	0.946728470427938	8.99279e05	VLDAVR	sp|O46375|TTHY_BOVIN
6	3	3	0.998715480955915	1.007072e06	VLRPELARSEQGR	tr|A9F2M6|A9F2M6_SORC5
4	2	3	0.370930090515413	8.200278e06	VPQVSTPTLVEVSR	P02769|ALBU_BOVIN
6	3	2	0.99822077289469	7.512512e06	VPQVSTPTLVEVSR	P02769|ALBU_BOVIN
3	2	2	0.836344348623773	5.849454e04	VSAVLDEK	tr|A9ESV9|A9ESV9_SORC5_rev
1	1	2	0.932523136557421	1.311905e07	VYLASR	tr|A9FXS8|A9FXS8_SORC5
3	2	3	0.87705682767652	4.16515e05	WADAGPDNVLHK	tr|A9EQW7|A9EQW7_SORC5
1	1	2	0.999705861376183	3.697615e07	YIC(Carbamidomethyl)DNQDTISSK	P02769|ALBU_BOVIN
3	2	2	0.999705861376183	2.396806e07	YIC(Carbamidomethyl)DNQDTISSK	P02769|ALBU_BOVIN
5	3	2	0.999705861376183	1.037294e07	YIC(Carbamidomethyl)DNQDTISSK	P02769|ALBU_BOVIN
6	3	3	0.998123929201938	1.381403e06	YLFRTLDR	tr|A9GC29|A9GC29_SORC5_rev
2	1	2	0.99999999486191	2.610213e08	YLYEIAR	P02769|ALBU_BOVIN
4	2	2	0.99999999486191	1.152157e08	YLYEIAR	P02769|ALBU_BOVIN
6	3	2	0.99999999486191	7.468001e07	YLYEIAR	P02769|ALBU_BOVIN
