ProteinName,PeptideSequence,PrecursorCharge,FragmentIon,ProductCharge,IsotopeLabelType,Condition,BioReplicate,Run,Fraction,Intensity,Reference
P02769|ALBU_BOVIN,AEFVEVTK,2,NA,0,L,1,1,2,2,1.546597e08,"BSA1_F2.mzML"
P02769|ALBU_BOVIN,AEFVEVTK,2,NA,0,L,2,2,3,1,8.861572e07,"BSA2_F1.mzML"
P02769|ALBU_BOVIN,AEFVEVTK,2,NA,0,L,3,3,5,1,4.999316e07,"BSA3_F1.mzML"
P02769|ALBU_BOVIN,AWSVAR,2,NA,0,L,1,1,1,1,1.414584e07,"BSA1_F1.mzML"
P02769|ALBU_BOVIN,C(Carbamidomethyl)C(Carbamidomethyl)TESLVNR,2,NA,0,L,1,1,1,1,2.056782e07,"BSA1_F1.mzML"
P02769|ALBU_BOVIN,C(Carbamidomethyl)C(Carbamidomethyl)TESLVNR,2,NA,0,L,2,2,3,1,1.103754e07,"BSA2_F1.mzML"
P02769|ALBU_BOVIN,C(Carbamidomethyl)C(Carbamidomethyl)TESLVNR,2,NA,0,L,3,3,5,1,3.691953e06,"BSA3_F1.mzML"
sp|O46375|TTHY_BOVIN,C(Carbamidomethyl)PLM(Oxidation)VK,2,NA,0,L,2,2,3,1,1.947899e05,"BSA2_F1.mzML"
P02769|ALBU_BOVIN,DDSPDLPK,2,NA,0,L,1,1,1,1,6.20244e07,"BSA1_F1.mzML"
P02769|ALBU_BOVIN,DDSPDLPK,2,NA,0,L,2,2,3,1,3.474625e07,"BSA2_F1.mzML"
P02769|ALBU_BOVIN,DDSPDLPK,2,NA,0,L,3,3,5,1,1.357063e07,"BSA3_F1.mzML"
P02769|ALBU_BOVIN,DLGEEHFK,2,NA,0,L,1,1,1,1,9.063513e07,"BSA1_F1.mzML"
P02769|ALBU_BOVIN,DLGEEHFK,3,NA,0,L,1,1,1,1,6.698248e07,"BSA1_F1.mzML"
P02769|ALBU_BOVIN,DLGEEHFK,2,NA,0,L,2,2,3,1,8.830588e07,"BSA2_F1.mzML"
P02769|ALBU_BOVIN,DLGEEHFK,2,NA,0,L,3,3,5,1,2.489364e07,"BSA3_F1.mzML"
P02769|ALBU_BOVIN,DLGEEHFK,3,NA,0,L,3,3,5,1,8.722839e06,"BSA3_F1.mzML"
P02769|ALBU_BOVIN,EAC(Carbamidomethyl)FAVEGPK,2,NA,0,L,1,1,2,2,3.17402e07,"BSA1_F2.mzML"
P02769|ALBU_BOVIN,EC(Carbamidomethyl)C(Carbamidomethyl)DKPLLEK,2,NA,0,L,2,2,3,1,2.398623e06,"BSA2_F1.mzML"
P02769|ALBU_BOVIN,EC(Carbamidomethyl)C(Carbamidomethyl)DKPLLEK,2,NA,0,L,3,3,5,1,5.195505e05,"BSA3_F1.mzML"
P02769|ALBU_BOVIN,ETYGDM(Oxidation)ADC(Carbamidomethyl)C(Carbamidomethyl)EK,2,NA,0,L,3,3,5,1,1.335505e05,"BSA3_F1.mzML"
P02769|ALBU_BOVIN,ETYGDMADC(Carbamidomethyl)C(Carbamidomethyl)EK,2,NA,0,L,1,1,1,1,1.547789e06,"BSA1_F1.mzML"
P02769|ALBU_BOVIN,ETYGDMADC(Carbamidomethyl)C(Carbamidomethyl)EK,2,NA,0,L,2,2,3,1,6.884173e05,"BSA2_F1.mzML"
P02769|ALBU_BOVIN,ETYGDMADC(Carbamidomethyl)C(Carbamidomethyl)EK,2,NA,0,L,3,3,5,1,4.082927e05,"BSA3_F1.mzML"
P02769|ALBU_BOVIN,EYEATLEEC(Carbamidomethyl)C(Carbamidomethyl)AK,2,NA,0,L,2,2,3,1,1.376247e06,"BSA2_F1.mzML"
P02769|ALBU_BOVIN,EYEATLEEC(Carbamidomethyl)C(Carbamidomethyl)AK,2,NA,0,L,3,3,5,1,5.413825e05,"BSA3_F1.mzML"
sp|O46375|TTHY_BOVIN,FVEGLYK,2,NA,0,L,2,2,4,2,3.643801e06,"BSA2_F2.mzML"
sp|O46375|TTHY_BOVIN,FVEGLYK,2,NA,0,L,3,3,6,2,2.904332e06,"BSA3_F2.mzML"
tr|A9FA64|A9FA64_SORC5,GAAVGHGARPGLDFM(Oxidation)TMLR,4,NA,0,L,3,3,6,2,1.107833e06,"BSA3_F2.mzML"
P02769|ALBU_BOVIN,GAC(Carbamidomethyl)LLPK,2,NA,0,L,3,3,5,1,6.24017e06,"BSA3_F1.mzML"
tr|A9F6J5|A9F6J5_SORC5,GFAPPTSRPIVVAWR,3,NA,0,L,3,3,6,2,5.384214e05,"BSA3_F2.mzML"
sp|O46375|TTHY_BOVIN,GSPAANVGVK,2,NA,0,L,1,1,1,1,7.905351e05,"BSA1_F1.mzML"
P02769|ALBU_BOVIN,HLVDEPQNLIK,3,NA,0,L,1,1,2,2,2.260549e05,"BSA1_F2.mzML"
P02769|ALBU_BOVIN,HLVDEPQNLIK,2,NA,0,L,2,2,4,2,1.269412e08,"BSA2_F2.mzML"
P02769|ALBU_BOVIN,HLVDEPQNLIK,3,NA,0,L,2,2,4,2,3.150138e07,"BSA2_F2.mzML"
P02769|ALBU_BOVIN,HLVDEPQNLIK,2,NA,0,L,3,3,6,2,8.515694e07,"BSA3_F2.mzML"
P02769|ALBU_BOVIN,HLVDEPQNLIK,3,NA,0,L,3,3,6,2,1.857956e07,"BSA3_F2.mzML"
sp|A9G5S0|PURA_SORC5;tr|A9FQL2|A9FQL2_SORC5,HYVEM(Oxidation)VEK,2,NA,0,L,3,3,6,2,2.719759e05,"BSA3_F2.mzML"
tr|A9GNN2|A9GNN2_SORC5,KDESNSR,2,NA,0,L,3,3,6,2,9.860175e06,"BSA3_F2.mzML"
P02769|ALBU_BOVIN,KQTALVELLK,2,NA,0,L,2,2,4,2,5.319029e07,"BSA2_F2.mzML"
P02769|ALBU_BOVIN,KQTALVELLK,3,NA,0,L,2,2,4,2,4.350128e07,"BSA2_F2.mzML"
P02769|ALBU_BOVIN,KVPQVSTPTLVEVSR,3,NA,0,L,2,2,4,2,6.220473e07,"BSA2_F2.mzML"
P02769|ALBU_BOVIN,KVPQVSTPTLVEVSR,3,NA,0,L,3,3,6,2,1.858752e07,"BSA3_F2.mzML"
P02769|ALBU_BOVIN,LC(Carbamidomethyl)VLHEK,2,NA,0,L,1,1,1,1,1.971044e06,"BSA1_F1.mzML"
P02769|ALBU_BOVIN,LC(Carbamidomethyl)VLHEK,2,NA,0,L,2,2,3,1,4.102755e06,"BSA2_F1.mzML"
P02769|ALBU_BOVIN,LC(Carbamidomethyl)VLHEK,3,NA,0,L,2,2,3,1,1.358117e07,"BSA2_F1.mzML"
P02769|ALBU_BOVIN,LC(Carbamidomethyl)VLHEK,2,NA,0,L,3,3,5,1,7.604715e05,"BSA3_F1.mzML"
P02769|ALBU_BOVIN,LKPDPNTLC(Carbamidomethyl)DEFKADEK,4,NA,0,L,2,2,4,2,2.878738e06,"BSA2_F2.mzML"
P46406|G3P_RABIT,LTGMAFR,2,NA,0,L,2,2,4,2,1.04067e05,"BSA2_F2.mzML"
tr|A9G7Q6|A9G7Q6_SORC5,LVEPSERR,2,NA,0,L,1,1,1,1,1.305568e05,"BSA1_F1.mzML"
P02769|ALBU_BOVIN,LVTDLTK,2,NA,0,L,1,1,1,1,1.801425e08,"BSA1_F1.mzML"
P02769|ALBU_BOVIN,LVTDLTK,2,NA,0,L,2,2,3,1,8.944539e07,"BSA2_F1.mzML"
P02769|ALBU_BOVIN,LVTDLTK,2,NA,0,L,3,3,5,1,5.129099e07,"BSA3_F1.mzML"
P02769|ALBU_BOVIN,LVVSTQTALA,2,NA,0,L,1,1,2,2,7.702322e07,"BSA1_F2.mzML"
P02769|ALBU_BOVIN,LVVSTQTALA,2,NA,0,L,2,2,4,2,6.224055e07,"BSA2_F2.mzML"
tr|A9GKZ3|A9GKZ3_SORC5,NMRPSK,2,NA,0,L,2,2,4,2,3.450892e04,"BSA2_F2.mzML"
P02769|ALBU_BOVIN,QEPERNEC(Carbamidomethyl)FLSHK,3,NA,0,L,2,2,3,1,4.601872e06,"BSA2_F1.mzML"
P02769|ALBU_BOVIN,QEPERNEC(Carbamidomethyl)FLSHKDDSPDLPK,4,NA,0,L,2,2,4,2,1.019084e06,"BSA2_F2.mzML"
P02769|ALBU_BOVIN,RHPEYAVSVLLR,3,NA,0,L,2,2,4,2,1.353102e07,"BSA2_F2.mzML"
P02769|ALBU_BOVIN,RPC(Carbamidomethyl)FSALTPDETYVPK,3,NA,0,L,2,2,4,2,5.109413e06,"BSA2_F2.mzML"
P02769|ALBU_BOVIN,SHC(Carbamidomethyl)IAEVEK,3,NA,0,L,1,1,1,1,1.358151e06,"BSA1_F1.mzML"
P02769|ALBU_BOVIN,SHC(Carbamidomethyl)IAEVEK,3,NA,0,L,3,3,5,1,4.618462e05,"BSA3_F1.mzML"
tr|A9FNU8|A9FNU8_SORC5,VAYQELARKVK,3,NA,0,L,3,3,6,2,4.456394e06,"BSA3_F2.mzML"
tr|A9GIC6|A9GIC6_SORC5,VIEAEGR,2,NA,0,L,2,2,3,1,3.514125e06,"BSA2_F1.mzML"
sp|O46375|TTHY_BOVIN,VLDAVR,2,NA,0,L,2,2,3,1,8.99279e05,"BSA2_F1.mzML"
tr|A9F2M6|A9F2M6_SORC5,VLRPELARSEQGR,3,NA,0,L,3,3,6,2,1.007072e06,"BSA3_F2.mzML"
P02769|ALBU_BOVIN,VPQVSTPTLVEVSR,3,NA,0,L,2,2,4,2,8.200278e06,"BSA2_F2.mzML"
P02769|ALBU_BOVIN,VPQVSTPTLVEVSR,2,NA,0,L,3,3,6,2,7.512512e06,"BSA3_F2.mzML"
tr|A9FXS8|A9FXS8_SORC5,VYLASR,2,NA,0,L,1,1,1,1,1.311905e07,"BSA1_F1.mzML"
tr|A9EQW7|A9EQW7_SORC5,WADAGPDNVLHK,3,NA,0,L,2,2,3,1,4.16515e05,"BSA2_F1.mzML"
P02769|ALBU_BOVIN,YIC(Carbamidomethyl)DNQDTISSK,2,NA,0,L,1,1,1,1,3.697615e07,"BSA1_F1.mzML"
P02769|ALBU_BOVIN,YIC(Carbamidomethyl)DNQDTISSK,2,NA,0,L,2,2,3,1,2.396806e07,"BSA2_F1.mzML"
P02769|ALBU_BOVIN,YIC(Carbamidomethyl)DNQDTISSK,2,NA,0,L,3,3,5,1,1.037294e07,"BSA3_F1.mzML"
P02769|ALBU_BOVIN,YLYEIAR,2,NA,0,L,1,1,2,2,2.610213e08,"BSA1_F2.mzML"
P02769|ALBU_BOVIN,YLYEIAR,2,NA,0,L,2,2,4,2,1.152157e08,"BSA2_F2.mzML"
P02769|ALBU_BOVIN,YLYEIAR,2,NA,0,L,3,3,6,2,7.468001e07,"BSA3_F2.mzML"
